ca_mean,ca_std,ca_min,ca_max,cb_mean,cb_std,cb_min,cb_max,hcf,positive
6.16,0.0,6.16,6.16,6.379,0.0,6.379,6.379,-76.38,1
8.435,0.0,8.435,8.435,8.817,0.0,8.817,8.817,-60.461,1
8.472,0.0,8.472,8.472,8.871,0.0,8.871,8.871,-48.351,1
6.789,0.0,6.789,6.789,6.87,0.0,6.87,6.87,103.334,1
6.789,0.0,6.789,6.789,6.87,0.0,6.87,6.87,103.334,1
5.911,0.0,5.911,5.911,5.873,0.0,5.873,5.873,243.636,1
5.911,0.0,5.911,5.911,5.873,0.0,5.873,5.873,243.636,1
10.465,0.0,10.465,10.465,9.152,0.0,9.152,9.152,181.342,1
10.425,0.0,10.425,10.425,9.163,0.0,9.163,9.163,157.0,1
6.723,0.0,6.723,6.723,7.251,0.0,7.251,7.251,1.375,1
6.723,0.0,6.723,6.723,7.251,0.0,7.251,7.251,1.375,1
6.723,0.0,6.723,6.723,7.251,0.0,7.251,7.251,1.375,1
6.806,0.0,6.806,6.806,7.268,0.0,7.268,7.268,-26.374,1
6.806,0.0,6.806,6.806,7.268,0.0,7.268,7.268,-26.374,1
6.806,0.0,6.806,6.806,7.268,0.0,7.268,7.268,-26.374,1
6.571,0.0,6.571,6.571,6.573,0.0,6.573,6.573,52.308,1
6.571,0.0,6.571,6.571,6.573,0.0,6.573,6.573,52.308,1
8.203,0.0,8.203,8.203,7.642,0.0,7.642,7.642,144.11,1
7.23,0.0,7.23,7.23,6.752,0.0,6.752,6.752,265.607,1
10.243,0.0,10.243,10.243,7.776,0.0,7.776,7.776,363.413,1
7.769,0.0,7.769,7.769,6.089,0.0,6.089,6.089,490.796,1
7.769,0.0,7.769,7.769,6.089,0.0,6.089,6.089,490.796,1
10.411,0.0,10.411,10.411,9.158,0.0,9.158,9.158,166.458,1
10.643,0.0,10.643,10.643,9.409,0.0,9.409,9.409,95.348,1
10.519,0.0,10.519,10.519,9.097,0.0,9.097,9.097,133.625,1
10.411,0.0,10.411,10.411,8.955,0.0,8.955,8.955,160.883,1
10.379,0.0,10.379,10.379,9.109,0.0,9.109,9.109,109.091,1
10.404,0.0,10.404,10.404,9.174,0.0,9.174,9.174,-53.081,1
10.397,0.0,10.397,10.397,9.121,0.0,9.121,9.121,68.521,1
10.513,0.0,10.513,10.513,9.247,0.0,9.247,9.247,93.442,1
10.628,0.0,10.628,10.628,9.287,0.0,9.287,9.287,267.013,1
10.628,0.0,10.628,10.628,9.301,0.0,9.301,9.301,149.877,1
10.664,0.0,10.664,10.664,9.337,0.0,9.337,9.337,151.298,1
10.695,0.0,10.695,10.695,9.388,0.0,9.388,9.388,156.92,1
10.433,0.0,10.433,10.433,9.115,0.0,9.115,9.115,171.322,1
7.976,0.0,7.976,7.976,7.259,0.0,7.259,7.259,69.802,1
9.855,0.0,9.855,9.855,8.797,0.0,8.797,8.797,75.062,1
9.882,0.0,9.882,9.882,8.808,0.0,8.808,8.808,82.306,1
6.789,0.0,6.789,6.789,7.1,0.0,7.1,7.1,-63.96,1
6.789,0.0,6.789,6.789,7.1,0.0,7.1,7.1,-63.96,1
6.789,0.0,6.789,6.789,7.1,0.0,7.1,7.1,-63.96,1
6.791,0.0,6.791,6.791,7.12,0.0,7.12,7.12,-72.434,1
6.791,0.0,6.791,6.791,7.12,0.0,7.12,7.12,-72.434,1
6.791,0.0,6.791,6.791,7.12,0.0,7.12,7.12,-72.434,1
6.742,0.0,6.742,6.742,7.064,0.0,7.064,7.064,-64.609,1
6.742,0.0,6.742,6.742,7.064,0.0,7.064,7.064,-64.609,1
6.742,0.0,6.742,6.742,7.064,0.0,7.064,7.064,-64.609,1
10.008,0.0,10.008,10.008,8.574,0.0,8.574,8.574,-75.543,1
10.068,0.0,10.068,10.068,8.575,0.0,8.575,8.575,-101.71,1
10.006,0.0,10.006,10.006,8.507,0.0,8.507,8.507,-7.536,1
6.783,0.0,6.783,6.783,7.125,0.0,7.125,7.125,-96.265,1
6.783,0.0,6.783,6.783,7.125,0.0,7.125,7.125,-96.265,1
6.783,0.0,6.783,6.783,7.125,0.0,7.125,7.125,-96.265,1
10.493,0.0,10.493,10.493,8.366,0.0,8.366,8.366,-6.759,1
10.493,0.0,10.493,10.493,8.366,0.0,8.366,8.366,-6.759,1
6.92,0.0,6.92,6.92,6.999,0.0,6.999,6.999,183.544,1
6.92,0.0,6.92,6.92,6.999,0.0,6.999,6.999,183.544,1
7.064,0.0,7.064,7.064,7.428,0.0,7.428,7.428,215.079,1
7.064,0.0,7.064,7.064,7.428,0.0,7.428,7.428,215.079,1
7.743,0.0,7.743,7.743,6.107,0.0,6.107,6.107,417.307,1
10.422,0.0,10.422,10.422,9.129,0.0,9.129,9.129,178.525,1
6.79,0.0,6.79,6.79,7.019,0.0,7.019,7.019,-88.405,1
6.79,0.0,6.79,6.79,7.019,0.0,7.019,7.019,-88.405,1
6.79,0.0,6.79,6.79,7.019,0.0,7.019,7.019,-88.405,1
6.889,0.0,6.889,6.889,7.173,0.0,7.173,7.173,-109.957,1
6.889,0.0,6.889,6.889,7.173,0.0,7.173,7.173,-109.957,1
6.889,0.0,6.889,6.889,7.173,0.0,7.173,7.173,-109.957,1
6.817,0.0,6.817,6.817,7.108,0.0,7.108,7.108,-126.97,1
6.817,0.0,6.817,6.817,7.108,0.0,7.108,7.108,-126.97,1
6.817,0.0,6.817,6.817,7.108,0.0,7.108,7.108,-126.97,1
7.352,0.0,7.352,7.352,7.027,0.0,7.027,7.027,-102.234,1
10.526,0.0,10.526,10.526,9.173,0.0,9.173,9.173,180.578,1
7.894,0.0,7.894,7.894,7.186,0.0,7.186,7.186,358.904,1
7.666,0.0,7.666,7.666,8.413,0.0,8.413,8.413,63.557,1
4.978,0.0,4.978,4.978,4.676,0.0,4.676,4.676,22.965,1
7.676,0.0,7.676,7.676,7.34,0.0,7.34,7.34,230.241,1
7.676,0.0,7.676,7.676,7.34,0.0,7.34,7.34,230.241,1
7.676,0.0,7.676,7.676,7.34,0.0,7.34,7.34,230.241,1
7.676,0.0,7.676,7.676,7.34,0.0,7.34,7.34,230.241,1
7.179,0.0,7.179,7.179,8.198,0.0,8.198,8.198,91.248,1
9.476,0.0,9.476,9.476,7.977,0.0,7.977,7.977,267.277,1
5.724,0.0,5.724,5.724,5.105,0.0,5.105,5.105,225.783,1
3.824,0.0,3.824,3.824,5.419,0.0,5.419,5.419,-374.167,1
3.824,0.0,3.824,3.824,5.419,0.0,5.419,5.419,-374.167,1
3.824,0.0,3.824,3.824,5.419,0.0,5.419,5.419,-374.167,1
3.824,0.0,3.824,3.824,5.419,0.0,5.419,5.419,-374.167,1
9.659,0.0,9.659,9.659,7.107,0.0,7.107,7.107,131.605,1
9.705,0.0,9.705,9.705,8.7,0.0,8.7,8.7,218.241,1
6.778,0.0,6.778,6.778,7.084,0.0,7.084,7.084,-93.288,1
6.778,0.0,6.778,6.778,7.084,0.0,7.084,7.084,-93.288,1
6.778,0.0,6.778,6.778,7.084,0.0,7.084,7.084,-93.288,1
6.744,0.0,6.744,6.744,7.075,0.0,7.075,7.075,-106.738,1
6.744,0.0,6.744,6.744,7.075,0.0,7.075,7.075,-106.738,1
6.744,0.0,6.744,6.744,7.075,0.0,7.075,7.075,-106.738,1
6.778,0.0,6.778,6.778,7.066,0.0,7.066,7.066,-71.051,1
6.815,0.0,6.815,6.815,7.104,0.0,7.104,7.104,-80.245,1
6.815,0.0,6.815,6.815,7.104,0.0,7.104,7.104,-80.245,1
6.815,0.0,6.815,6.815,7.104,0.0,7.104,7.104,-80.245,1
6.794,0.0,6.794,6.794,7.029,0.0,7.029,7.029,-94.793,1
6.794,0.0,6.794,6.794,7.029,0.0,7.029,7.029,-94.793,1
6.794,0.0,6.794,6.794,7.029,0.0,7.029,7.029,-94.793,1
6.853,0.0,6.853,6.853,7.175,0.0,7.175,7.175,-70.677,1
6.853,0.0,6.853,6.853,7.175,0.0,7.175,7.175,-70.677,1
6.853,0.0,6.853,6.853,7.175,0.0,7.175,7.175,-70.677,1
5.271,0.0,5.271,5.271,4.923,0.0,4.923,4.923,245.449,1
5.305,0.0,5.305,5.305,4.965,0.0,4.965,4.965,279.365,1
6.156,0.0,6.156,6.156,6.502,0.0,6.502,6.502,265.81,1
5.787,0.0,5.787,5.787,5.18,0.0,5.18,5.18,247.557,1
5.667,0.0,5.667,5.667,4.834,0.0,4.834,4.834,163.449,1
10.3,0.0,10.3,10.3,9.041,0.0,9.041,9.041,10.333,1
8.363,0.0,8.363,8.363,6.77,0.0,6.77,6.77,5.676,1
8.118,0.0,8.118,8.118,7.851,0.0,7.851,7.851,344.348,1
8.253,0.0,8.253,8.253,7.792,0.0,7.792,7.792,418.312,1
7.176,0.0,7.176,7.176,7.416,0.0,7.416,7.416,143.152,1
6.602,0.0,6.602,6.602,6.652,0.0,6.652,6.652,309.088,1
8.4,0.0,8.4,8.4,7.753,0.0,7.753,7.753,58.111,1
7.943,0.0,7.943,7.943,7.366,0.0,7.366,7.366,514.915,1
8.122,0.0,8.122,8.122,8.313,0.0,8.313,8.313,211.777,1
10.368,0.0,10.368,10.368,8.44,0.0,8.44,8.44,191.445,1
10.33,0.0,10.33,10.33,8.456,0.0,8.456,8.456,226.598,1
7.728,0.0,7.728,7.728,7.485,0.0,7.485,7.485,378.593,1
7.728,0.0,7.728,7.728,7.485,0.0,7.485,7.485,378.593,1
7.728,0.0,7.728,7.728,7.485,0.0,7.485,7.485,378.593,1
7.728,0.0,7.728,7.728,7.485,0.0,7.485,7.485,378.593,1
4.624,0.0,4.624,4.624,5.514,0.0,5.514,5.514,-94.122,1
4.624,0.0,4.624,4.624,5.514,0.0,5.514,5.514,-94.122,1
9.326,0.0,9.326,9.326,7.522,0.0,7.522,7.522,130.381,1
9.391,0.0,9.391,9.391,7.559,0.0,7.559,7.559,167.153,1
9.329,0.0,9.329,9.329,7.492,0.0,7.492,7.492,120.125,1
9.379,0.0,9.379,9.379,7.536,0.0,7.536,7.536,147.742,1
9.251,0.0,9.251,9.251,7.447,0.0,7.447,7.447,385.094,1
9.423,0.0,9.423,9.423,7.653,0.0,7.653,7.653,476.459,1
9.332,0.0,9.332,9.332,7.566,0.0,7.566,7.566,399.747,1
9.444,0.0,9.444,9.444,7.693,0.0,7.693,7.693,405.741,1
9.276,0.0,9.276,9.276,7.53,0.0,7.53,7.53,122.311,1
9.427,0.0,9.427,9.427,7.724,0.0,7.724,7.724,175.928,1
9.281,0.0,9.281,9.281,7.492,0.0,7.492,7.492,404.035,1
9.326,0.0,9.326,9.326,7.58,0.0,7.58,7.58,428.853,1
9.402,0.0,9.402,9.402,7.587,0.0,7.587,7.587,75.181,1
9.458,0.0,9.458,9.458,7.639,0.0,7.639,7.639,30.009,1
9.301,0.0,9.301,9.301,7.498,0.0,7.498,7.498,-24.933,1
9.292,0.0,9.292,9.292,7.519,0.0,7.519,7.519,36.733,1
9.405,0.0,9.405,9.405,9.149,0.0,9.149,9.149,-157.854,1
6.948,0.0,6.948,6.948,7.183,0.0,7.183,7.183,175.918,1
9.428,0.0,9.428,9.428,8.066,0.0,8.066,8.066,183.443,1
4.55,0.0,4.55,4.55,5.543,0.0,5.543,5.543,255.848,1
4.376,0.0,4.376,4.376,5.322,0.0,5.322,5.322,323.955,1
5.843,0.0,5.843,5.843,5.26,0.0,5.26,5.26,263.871,1
5.818,0.0,5.818,5.818,5.2,0.0,5.2,5.2,260.42,1
5.784,0.0,5.784,5.784,5.164,0.0,5.164,5.164,251.636,1
5.795,0.0,5.795,5.795,5.192,0.0,5.192,5.192,243.079,1
5.775,0.0,5.775,5.775,5.159,0.0,5.159,5.159,252.026,1
5.787,0.0,5.787,5.787,5.192,0.0,5.192,5.192,253.379,1
7.935,0.0,7.935,7.935,7.468,0.0,7.468,7.468,403.292,1
7.935,0.0,7.935,7.935,7.468,0.0,7.468,7.468,403.292,1
6.84,0.0,6.84,6.84,7.193,0.0,7.193,7.193,-93.208,1
6.84,0.0,6.84,6.84,7.193,0.0,7.193,7.193,-93.208,1
6.84,0.0,6.84,6.84,7.193,0.0,7.193,7.193,-93.208,1
6.705,0.0,6.705,6.705,6.986,0.0,6.986,6.986,-95.822,1
6.705,0.0,6.705,6.705,6.986,0.0,6.986,6.986,-95.822,1
6.705,0.0,6.705,6.705,6.986,0.0,6.986,6.986,-95.822,1
8.102,0.0,8.102,8.102,7.256,0.0,7.256,7.256,219.965,1
5.305,0.0,5.305,5.305,4.44,0.0,4.44,4.44,165.486,1
5.344,0.0,5.344,5.344,4.514,0.0,4.514,4.514,164.156,1
9.307,0.0,9.307,9.307,8.357,0.0,8.357,8.357,246.706,1
10.301,0.0,10.301,10.301,8.405,0.0,8.405,8.405,-99.394,1
10.301,0.0,10.301,10.301,8.405,0.0,8.405,8.405,-99.394,1
8.758,0.0,8.758,8.758,7.284,0.0,7.284,7.284,494.606,1
8.758,0.0,8.758,8.758,7.284,0.0,7.284,7.284,494.606,1
8.705,0.0,8.705,8.705,7.269,0.0,7.269,7.269,381.047,1
8.705,0.0,8.705,8.705,7.269,0.0,7.269,7.269,381.047,1
6.258,0.0,6.258,6.258,7.551,0.0,7.551,7.551,231.033,1
9.368,0.0,9.368,9.368,7.592,0.0,7.592,7.592,400.89,1
9.426,0.0,9.426,9.426,7.727,0.0,7.727,7.727,409.116,1
7.534,0.0,7.534,7.534,6.853,0.0,6.853,6.853,528.745,1
7.534,0.0,7.534,7.534,6.853,0.0,6.853,6.853,528.745,1
7.557,0.0,7.557,7.557,6.801,0.0,6.801,6.801,405.181,1
7.557,0.0,7.557,7.557,6.801,0.0,6.801,6.801,405.181,1
4.699,0.0,4.699,4.699,5.752,0.0,5.752,5.752,81.153,1
10.74,0.0,10.74,10.74,9.049,0.0,9.049,9.049,134.227,1
10.74,0.0,10.74,10.74,9.049,0.0,9.049,9.049,134.227,1
10.74,0.0,10.74,10.74,9.049,0.0,9.049,9.049,134.227,1
10.74,0.0,10.74,10.74,9.049,0.0,9.049,9.049,134.227,1
10.74,0.0,10.74,10.74,9.049,0.0,9.049,9.049,134.227,1
10.74,0.0,10.74,10.74,9.049,0.0,9.049,9.049,134.227,1
4.37,0.0,4.37,4.37,5.415,0.0,5.415,5.415,169.149,1
4.333,0.0,4.333,4.333,5.336,0.0,5.336,5.336,158.753,1
6.916,0.0,6.916,6.916,7.448,0.0,7.448,7.448,116.456,1
7.721,0.0,7.721,7.721,7.955,0.0,7.955,7.955,432.188,1
9.223,0.0,9.223,9.223,8.274,0.0,8.274,8.274,47.391,1
5.784,0.0,5.784,5.784,5.21,0.0,5.21,5.21,249.31,1
5.821,0.0,5.821,5.821,5.223,0.0,5.223,5.223,247.195,1
5.81,0.0,5.81,5.81,5.214,0.0,5.214,5.214,258.721,1
6.789,0.0,6.789,6.789,6.783,0.0,6.783,6.783,159.679,1
6.789,0.0,6.789,6.789,6.783,0.0,6.783,6.783,159.679,1
6.789,0.0,6.789,6.789,6.783,0.0,6.783,6.783,159.679,1
6.789,0.0,6.789,6.789,6.783,0.0,6.783,6.783,159.679,1
5.729,0.0,5.729,5.729,4.833,0.0,4.833,4.833,293.059,1
5.754,0.0,5.754,5.754,5.196,0.0,5.196,5.196,361.72,1
5.762,0.0,5.762,5.762,5.235,0.0,5.235,5.235,353.291,1
10.004,0.0,10.004,10.004,8.56,0.0,8.56,8.56,-157.67,1
8.413,0.0,8.413,8.413,7.879,0.0,7.879,7.879,235.811,1
5.821,0.0,5.821,5.821,5.15,0.0,5.15,5.15,280.536,1
8.108,0.0,8.108,8.108,7.667,0.0,7.667,7.667,378.857,1
5.888,0.0,5.888,5.888,5.376,0.0,5.376,5.376,311.268,1
5.744,0.0,5.744,5.744,5.045,0.0,5.045,5.045,270.961,1
10.184,0.0,10.184,10.184,8.239,0.0,8.239,8.239,178.5,1
10.184,0.0,10.184,10.184,8.239,0.0,8.239,8.239,178.5,1
8.631,0.0,8.631,8.631,7.472,0.0,7.472,7.472,401.04,1
5.933,0.0,5.933,5.933,5.33,0.0,5.33,5.33,362.75,1
6.567,0.0,6.567,6.567,5.64,0.0,5.64,5.64,156.252,1
3.841,0.0,3.841,3.841,5.25,0.0,5.25,5.25,-230.162,1
6.562,0.0,6.562,6.562,6.381,0.0,6.381,6.381,13.238,1
10.478,0.0,10.478,10.478,8.471,0.0,8.471,8.471,252.224,1
10.529,0.0,10.529,10.529,8.642,0.0,8.642,8.642,286.281,1
10.475,0.0,10.475,10.475,8.489,0.0,8.489,8.489,327.278,1
10.467,0.0,10.467,10.467,8.492,0.0,8.492,8.492,342.176,1
10.479,0.0,10.479,10.479,8.483,0.0,8.483,8.483,266.776,1
10.504,0.0,10.504,10.504,8.498,0.0,8.498,8.498,370.466,1
6.646,0.0,6.646,6.646,6.935,0.0,6.935,6.935,-20.2,1
6.827,0.0,6.827,6.827,7.115,0.0,7.115,7.115,-71.561,1
6.827,0.0,6.827,6.827,7.115,0.0,7.115,7.115,-71.561,1
6.827,0.0,6.827,6.827,7.115,0.0,7.115,7.115,-71.561,1
7.03,0.0,7.03,7.03,5.642,0.0,5.642,5.642,351.047,1
9.556,0.0,9.556,9.556,7.891,0.0,7.891,7.891,244.103,1
9.556,0.0,9.556,9.556,7.891,0.0,7.891,7.891,244.103,1
9.556,0.0,9.556,9.556,7.891,0.0,7.891,7.891,244.103,1
9.556,0.0,9.556,9.556,7.891,0.0,7.891,7.891,244.103,1
9.556,0.0,9.556,9.556,7.891,0.0,7.891,7.891,244.103,1
9.556,0.0,9.556,9.556,7.891,0.0,7.891,7.891,244.103,1
9.556,0.0,9.556,9.556,7.891,0.0,7.891,7.891,244.103,1
9.556,0.0,9.556,9.556,7.891,0.0,7.891,7.891,244.103,1
9.556,0.0,9.556,9.556,7.891,0.0,7.891,7.891,244.103,1
9.556,0.0,9.556,9.556,7.891,0.0,7.891,7.891,244.103,1
9.556,0.0,9.556,9.556,7.891,0.0,7.891,7.891,244.103,1
9.556,0.0,9.556,9.556,7.891,0.0,7.891,7.891,244.103,1
9.556,0.0,9.556,9.556,7.891,0.0,7.891,7.891,244.103,1
9.556,0.0,9.556,9.556,7.891,0.0,7.891,7.891,244.103,1
9.556,0.0,9.556,9.556,7.891,0.0,7.891,7.891,244.103,1
9.556,0.0,9.556,9.556,7.891,0.0,7.891,7.891,244.103,1
9.556,0.0,9.556,9.556,7.891,0.0,7.891,7.891,244.103,1
9.556,0.0,9.556,9.556,7.891,0.0,7.891,7.891,244.103,1
9.556,0.0,9.556,9.556,7.891,0.0,7.891,7.891,244.103,1
9.556,0.0,9.556,9.556,7.891,0.0,7.891,7.891,244.103,1
9.556,0.0,9.556,9.556,7.891,0.0,7.891,7.891,244.103,1
9.556,0.0,9.556,9.556,7.891,0.0,7.891,7.891,244.103,1
9.556,0.0,9.556,9.556,7.891,0.0,7.891,7.891,244.103,1
9.556,0.0,9.556,9.556,7.891,0.0,7.891,7.891,244.103,1
9.0,0.0,9.0,9.0,8.201,0.0,8.201,8.201,49.173,1
10.655,0.0,10.655,10.655,8.811,0.0,8.811,8.811,172.962,1
6.458,0.0,6.458,6.458,6.639,0.0,6.639,6.639,-106.782,1
5.808,0.0,5.808,5.808,6.706,0.0,6.706,6.706,280.154,1
4.455,0.0,4.455,4.455,5.653,0.0,5.653,5.653,92.752,1
6.585,0.0,6.585,6.585,7.075,0.0,7.075,7.075,145.568,1
9.48,0.0,9.48,9.48,7.742,0.0,7.742,7.742,90.544,1
3.82,0.0,3.82,3.82,5.472,0.0,5.472,5.472,-245.429,1
5.344,0.0,5.344,5.344,3.979,0.0,3.979,3.979,-7.793,1
5.327,0.0,5.327,5.327,3.936,0.0,3.936,3.936,2.853,1
5.454,0.0,5.454,5.454,3.97,0.0,3.97,3.97,-7.873,1
7.145,0.0,7.145,7.145,6.437,0.0,6.437,6.437,369.439,1
9.351,0.0,9.351,9.351,8.398,0.0,8.398,8.398,-122.841,1
6.529,0.0,6.529,6.529,6.168,0.0,6.168,6.168,70.673,1
5.793,0.0,5.793,5.793,5.563,0.0,5.563,5.563,233.234,1
5.76,0.0,5.76,5.76,5.49,0.0,5.49,5.49,193.075,1
5.802,0.0,5.802,5.802,5.567,0.0,5.567,5.567,188.245,1
5.625,0.0,5.625,5.625,4.973,0.0,4.973,4.973,214.263,1
5.22,0.0,5.22,5.22,5.224,0.0,5.224,5.224,59.248,1
4.776,0.0,4.776,4.776,5.732,0.0,5.732,5.732,-122.268,1
6.579,0.0,6.579,6.579,6.785,0.0,6.785,6.785,34.471,1
6.573,0.0,6.573,6.573,6.672,0.0,6.672,6.672,-46.98,1
6.467,0.0,6.467,6.467,6.376,0.0,6.376,6.376,-81.703,1
6.59,0.0,6.59,6.59,6.722,0.0,6.722,6.722,-52.493,1
27.762,0.0,27.762,27.762,27.94,0.0,27.94,27.94,273.545,0
22.84,0.0,22.84,22.84,20.984,0.0,20.984,20.984,50.62,0
8.651,0.0,8.651,8.651,9.414,0.0,9.414,9.414,136.86,0
20.861,0.0,20.861,20.861,21.55,0.0,21.55,21.55,86.686,0
11.527,0.0,11.527,11.527,10.278,0.0,10.278,10.278,-73.537,0
26.161,0.0,26.161,26.161,27.976,0.0,27.976,27.976,243.956,0
12.26,0.0,12.26,12.26,13.405,0.0,13.405,13.405,-507.365,0
27.503,0.0,27.503,27.503,26.462,0.0,26.462,26.462,29.177,0
9.279,0.0,9.279,9.279,9.943,0.0,9.943,9.943,20.325,0
13.881,0.0,13.881,13.881,13.195,0.0,13.195,13.195,151.505,0
29.332,0.0,29.332,29.332,30.574,0.0,30.574,30.574,92.97,0
14.842,0.0,14.842,14.842,13.576,0.0,13.576,13.576,-296.23,0
19.109,0.0,19.109,19.109,18.991,0.0,18.991,18.991,108.79,0
25.956,0.0,25.956,25.956,27.301,0.0,27.301,27.301,48.226,0
9.004,0.0,9.004,9.004,10.191,0.0,10.191,10.191,-362.899,0
13.958,0.0,13.958,13.958,12.88,0.0,12.88,12.88,-100.182,0
23.851,0.0,23.851,23.851,24.741,0.0,24.741,24.741,-452.326,0
29.931,0.0,29.931,29.931,28.385,0.0,28.385,28.385,26.589,0
23.218,0.0,23.218,23.218,23.986,0.0,23.986,23.986,75.618,0
18.315,0.0,18.315,18.315,16.48,0.0,16.48,16.48,98.527,0
13.591,0.0,13.591,13.591,13.902,0.0,13.902,13.902,0.0,0
17.744,0.0,17.744,17.744,15.739,0.0,15.739,15.739,-181.212,0
12.574,0.0,12.574,12.574,12.58,0.0,12.58,12.58,293.129,0
27.654,0.0,27.654,27.654,27.596,0.0,27.596,27.596,70.847,0
24.987,0.0,24.987,24.987,25.011,0.0,25.011,25.011,-409.123,0
28.135,0.0,28.135,28.135,28.616,0.0,28.616,28.616,232.356,0
22.402,0.0,22.402,22.402,25.217,0.0,25.217,25.217,-445.596,0
28.523,0.0,28.523,28.523,28.419,0.0,28.419,28.419,134.948,0
28.96,0.0,28.96,28.96,29.591,0.0,29.591,29.591,320.339,0
26.967,0.0,26.967,26.967,25.011,0.0,25.011,25.011,-97.619,0
18.75,0.0,18.75,18.75,19.713,0.0,19.713,19.713,92.865,0
20.429,0.0,20.429,20.429,21.683,0.0,21.683,21.683,-252.144,0
27.291,0.0,27.291,27.291,28.752,0.0,28.752,28.752,-34.168,0
10.879,0.0,10.879,10.879,11.012,0.0,11.012,11.012,-340.845,0
18.947,0.0,18.947,18.947,17.108,0.0,17.108,17.108,-526.894,0
17.612,0.0,17.612,17.612,14.736,0.0,14.736,14.736,194.558,0
22.207,0.0,22.207,22.207,21.918,0.0,21.918,21.918,146.171,0
22.444,0.0,22.444,22.444,22.957,0.0,22.957,22.957,-42.069,0
19.39,0.0,19.39,19.39,21.73,0.0,21.73,21.73,220.5,0
24.002,0.0,24.002,24.002,24.653,0.0,24.653,24.653,-234.08,0
16.973,0.0,16.973,16.973,18.204,0.0,18.204,18.204,-131.048,0
27.43,0.0,27.43,27.43,29.282,0.0,29.282,29.282,-157.105,0
17.915,0.0,17.915,17.915,15.094,0.0,15.094,15.094,162.586,0
24.477,0.0,24.477,24.477,25.367,0.0,25.367,25.367,42.182,0
28.213,0.0,28.213,28.213,28.752,0.0,28.752,28.752,11.666,0
20.777,0.0,20.777,20.777,23.032,0.0,23.032,23.032,218.104,0
14.989,0.0,14.989,14.989,14.88,0.0,14.88,14.88,21.664,0
19.513,0.0,19.513,19.513,20.446,0.0,20.446,20.446,-166.243,0
19.166,0.0,19.166,19.166,19.9,0.0,19.9,19.9,-4.14,0
16.983,0.0,16.983,16.983,17.681,0.0,17.681,17.681,-97.904,0
20.477,0.0,20.477,20.477,20.027,0.0,20.027,20.027,-200.044,0
20.276,0.0,20.276,20.276,19.854,0.0,19.854,19.854,190.69,0
27.666,0.0,27.666,27.666,26.502,0.0,26.502,26.502,26.372,0
27.131,0.0,27.131,27.131,26.735,0.0,26.735,26.735,331.986,0
23.475,0.0,23.475,23.475,25.664,0.0,25.664,25.664,-30.963,0
9.877,0.0,9.877,9.877,10.269,0.0,10.269,10.269,184.703,0
20.154,0.0,20.154,20.154,18.217,0.0,18.217,18.217,88.104,0
14.021,0.0,14.021,14.021,14.08,0.0,14.08,14.08,-120.534,0
21.226,0.0,21.226,21.226,19.936,0.0,19.936,19.936,5.981,0
9.156,0.0,9.156,9.156,9.557,0.0,9.557,9.557,51.723,0
20.746,0.0,20.746,20.746,19.918,0.0,19.918,19.918,216.027,0
27.579,0.0,27.579,27.579,26.191,0.0,26.191,26.191,303.895,0
19.658,0.0,19.658,19.658,18.586,0.0,18.586,18.586,-175.681,0
21.607,0.0,21.607,21.607,19.777,0.0,19.777,19.777,201.756,0
20.507,0.0,20.507,20.507,18.434,0.0,18.434,18.434,-114.625,0
23.797,0.0,23.797,23.797,22.452,0.0,22.452,22.452,6.204,0
13.142,0.0,13.142,13.142,12.5,0.0,12.5,12.5,-574.046,0
13.17,0.0,13.17,13.17,11.589,0.0,11.589,11.589,-37.508,0
25.54,0.0,25.54,25.54,28.349,0.0,28.349,28.349,56.65,0
28.353,0.0,28.353,28.353,29.071,0.0,29.071,29.071,-35.319,0
25.823,0.0,25.823,25.823,26.476,0.0,26.476,26.476,-186.642,0
18.88,0.0,18.88,18.88,17.23,0.0,17.23,17.23,-44.328,0
19.153,0.0,19.153,19.153,18.906,0.0,18.906,18.906,-66.365,0
3.812,0.0,3.812,3.812,5.565,0.0,5.565,5.565,-70.812,0
9.802,0.0,9.802,9.802,9.839,0.0,9.839,9.839,-183.049,0
16.18,0.0,16.18,16.18,17.623,0.0,17.623,17.623,-67.008,0
15.653,0.0,15.653,15.653,16.197,0.0,16.197,16.197,220.558,0
22.648,0.0,22.648,22.648,23.399,0.0,23.399,23.399,46.7,0
27.822,0.0,27.822,27.822,29.948,0.0,29.948,29.948,29.52,0
29.686,0.0,29.686,29.686,29.189,0.0,29.189,29.189,-32.363,0
3.803,0.0,3.803,3.803,5.622,0.0,5.622,5.622,-400.602,0
8.454,0.0,8.454,8.454,9.475,0.0,9.475,9.475,185.424,0
26.199,0.0,26.199,26.199,26.778,0.0,26.778,26.778,151.791,0
27.547,0.0,27.547,27.547,27.486,0.0,27.486,27.486,-59.411,0
3.837,0.0,3.837,3.837,5.357,0.0,5.357,5.357,-76.524,0
21.431,0.0,21.431,21.431,22.557,0.0,22.557,22.557,-4.495,0
8.455,0.0,8.455,8.455,9.478,0.0,9.478,9.478,284.309,0
12.696,0.0,12.696,12.696,15.011,0.0,15.011,15.011,-211.323,0
5.067,0.0,5.067,5.067,4.168,0.0,4.168,4.168,36.743,0
20.552,0.0,20.552,20.552,21.7,0.0,21.7,21.7,-541.203,0
13.418,0.0,13.418,13.418,12.68,0.0,12.68,12.68,158.015,0
23.161,0.0,23.161,23.161,23.946,0.0,23.946,23.946,146.12,0
22.52,0.0,22.52,22.52,22.145,0.0,22.145,22.145,-210.209,0
23.388,0.0,23.388,23.388,22.822,0.0,22.822,22.822,-136.036,0
28.118,0.0,28.118,28.118,26.893,0.0,26.893,26.893,146.29,0
15.091,0.0,15.091,15.091,16.005,0.0,16.005,16.005,170.637,0
22.611,0.0,22.611,22.611,23.512,0.0,23.512,23.512,-3.587,0
13.149,0.0,13.149,13.149,11.94,0.0,11.94,11.94,23.325,0
11.624,0.0,11.624,11.624,10.453,0.0,10.453,10.453,263.159,0
23.33,0.0,23.33,23.33,23.633,0.0,23.633,23.633,-65.412,0
11.954,0.0,11.954,11.954,12.339,0.0,12.339,12.339,118.478,0
25.412,0.0,25.412,25.412,27.938,0.0,27.938,27.938,84.775,0
27.23,0.0,27.23,27.23,27.249,0.0,27.249,27.249,80.536,0
21.734,0.0,21.734,21.734,21.996,0.0,21.996,21.996,271.369,0
21.472,0.0,21.472,21.472,22.254,0.0,22.254,22.254,18.607,0
24.93,0.0,24.93,24.93,22.765,0.0,22.765,22.765,12.781,0
23.492,0.0,23.492,23.492,23.263,0.0,23.263,23.263,-139.436,0
19.428,0.0,19.428,19.428,19.372,0.0,19.372,19.372,-278.048,0
26.477,0.0,26.477,26.477,25.899,0.0,25.899,25.899,-589.969,0
23.381,0.0,23.381,23.381,24.183,0.0,24.183,24.183,-386.898,0
23.081,0.0,23.081,23.081,24.708,0.0,24.708,24.708,-120.026,0
21.886,0.0,21.886,21.886,21.109,0.0,21.109,21.109,-257.233,0
22.732,0.0,22.732,22.732,23.682,0.0,23.682,23.682,-45.3,0
16.212,0.0,16.212,16.212,15.838,0.0,15.838,15.838,-48.236,0
25.588,0.0,25.588,25.588,25.553,0.0,25.553,25.553,216.708,0
28.32,0.0,28.32,28.32,28.668,0.0,28.668,28.668,33.692,0
23.775,0.0,23.775,23.775,24.897,0.0,24.897,24.897,-205.961,0
23.099,0.0,23.099,23.099,24.949,0.0,24.949,24.949,-108.182,0
16.24,0.0,16.24,16.24,18.047,0.0,18.047,18.047,0.0,0
22.574,0.0,22.574,22.574,23.564,0.0,23.564,23.564,44.969,0
3.824,0.0,3.824,3.824,5.344,0.0,5.344,5.344,24.86,0
5.351,0.0,5.351,5.351,5.945,0.0,5.945,5.945,-10.162,0
8.745,0.0,8.745,8.745,9.819,0.0,9.819,9.819,208.444,0
15.604,0.0,15.604,15.604,17.631,0.0,17.631,17.631,14.727,0
17.28,0.0,17.28,17.28,17.784,0.0,17.784,17.784,22.66,0
14.294,0.0,14.294,14.294,12.421,0.0,12.421,12.421,51.328,0
7.486,0.0,7.486,7.486,7.517,0.0,7.517,7.517,289.269,0
10.32,0.0,10.32,10.32,8.653,0.0,8.653,8.653,-490.431,0
22.801,0.0,22.801,22.801,24.35,0.0,24.35,24.35,48.996,0
26.469,0.0,26.469,26.469,27.768,0.0,27.768,27.768,-35.986,0
13.204,0.0,13.204,13.204,12.003,0.0,12.003,12.003,241.082,0
26.726,0.0,26.726,26.726,27.782,0.0,27.782,27.782,0.0,0
9.897,0.0,9.897,9.897,10.251,0.0,10.251,10.251,200.758,0
13.433,0.0,13.433,13.433,13.709,0.0,13.709,13.709,-140.275,0
17.088,0.0,17.088,17.088,18.834,0.0,18.834,18.834,-161.097,0
5.255,0.0,5.255,5.255,4.378,0.0,4.378,4.378,-161.442,0
17.937,0.0,17.937,17.937,19.311,0.0,19.311,19.311,300.423,0
15.378,0.0,15.378,15.378,15.362,0.0,15.362,15.362,-217.854,0
9.746,0.0,9.746,9.746,9.891,0.0,9.891,9.891,-70.236,0
6.293,0.0,6.293,6.293,6.392,0.0,6.392,6.392,61.612,0
28.647,0.0,28.647,28.647,29.267,0.0,29.267,29.267,184.157,0
12.801,0.0,12.801,12.801,12.037,0.0,12.037,12.037,129.451,0
22.302,0.0,22.302,22.302,24.509,0.0,24.509,24.509,-166.002,0
10.529,0.0,10.529,10.529,10.006,0.0,10.006,10.006,105.627,0
28.859,0.0,28.859,28.859,29.984,0.0,29.984,29.984,-130.389,0
10.476,0.0,10.476,10.476,12.1,0.0,12.1,12.1,155.171,0
12.747,0.0,12.747,12.747,13.11,0.0,13.11,13.11,-0.0,0
19.597,0.0,19.597,19.597,20.408,0.0,20.408,20.408,546.294,0
5.136,0.0,5.136,5.136,5.702,0.0,5.702,5.702,-273.0,0
26.266,0.0,26.266,26.266,27.348,0.0,27.348,27.348,-189.715,0
18.807,0.0,18.807,18.807,16.443,0.0,16.443,16.443,-370.368,0
24.321,0.0,24.321,24.321,24.936,0.0,24.936,24.936,-515.59,0
17.768,0.0,17.768,17.768,18.175,0.0,18.175,18.175,95.001,0
29.497,0.0,29.497,29.497,30.298,0.0,30.298,30.298,-138.368,0
6.489,0.0,6.489,6.489,5.851,0.0,5.851,5.851,575.346,0
23.848,0.0,23.848,23.848,25.914,0.0,25.914,25.914,221.071,0
18.092,0.0,18.092,18.092,20.676,0.0,20.676,20.676,323.262,0
20.095,0.0,20.095,20.095,20.24,0.0,20.24,20.24,-61.84,0
28.269,0.0,28.269,28.269,28.673,0.0,28.673,28.673,-14.881,0
13.697,0.0,13.697,13.697,15.148,0.0,15.148,15.148,-90.742,0
28.963,0.0,28.963,28.963,28.052,0.0,28.052,28.052,96.665,0
10.619,0.0,10.619,10.619,9.316,0.0,9.316,9.316,185.196,0
15.034,0.0,15.034,15.034,14.545,0.0,14.545,14.545,-114.509,0
12.353,0.0,12.353,12.353,14.779,0.0,14.779,14.779,-156.72,0
14.506,0.0,14.506,14.506,15.116,0.0,15.116,15.116,77.075,0
28.218,0.0,28.218,28.218,30.146,0.0,30.146,30.146,-279.166,0
18.337,0.0,18.337,18.337,17.948,0.0,17.948,17.948,-182.118,0
17.733,0.0,17.733,17.733,20.033,0.0,20.033,20.033,-55.142,0
8.586,0.0,8.586,8.586,6.514,0.0,6.514,6.514,327.127,0
25.998,0.0,25.998,25.998,27.289,0.0,27.289,27.289,-181.331,0
19.091,0.0,19.091,19.091,18.603,0.0,18.603,18.603,-64.003,0
19.792,0.0,19.792,19.792,21.242,0.0,21.242,21.242,133.111,0
18.703,0.0,18.703,18.703,19.555,0.0,19.555,19.555,-428.231,0
27.527,0.0,27.527,27.527,27.557,0.0,27.557,27.557,-115.999,0
5.723,0.0,5.723,5.723,4.899,0.0,4.899,4.899,156.423,0
29.481,0.0,29.481,29.481,32.116,0.0,32.116,32.116,131.13,0
15.529,0.0,15.529,15.529,17.478,0.0,17.478,17.478,-43.688,0
20.666,0.0,20.666,20.666,21.112,0.0,21.112,21.112,-48.206,0
18.181,0.0,18.181,18.181,19.287,0.0,19.287,19.287,93.441,0
21.471,0.0,21.471,21.471,20.495,0.0,20.495,20.495,-37.081,0
16.246,0.0,16.246,16.246,16.755,0.0,16.755,16.755,177.665,0
15.286,0.0,15.286,15.286,13.276,0.0,13.276,13.276,350.125,0
3.806,0.0,3.806,3.806,5.87,0.0,5.87,5.87,-198.947,0
28.36,0.0,28.36,28.36,28.769,0.0,28.769,28.769,-54.112,0
21.186,0.0,21.186,21.186,21.041,0.0,21.041,21.041,69.485,0
24.945,0.0,24.945,24.945,26.009,0.0,26.009,26.009,-367.435,0
14.199,0.0,14.199,14.199,16.159,0.0,16.159,16.159,93.361,0
20.516,0.0,20.516,20.516,22.692,0.0,22.692,22.692,-62.758,0
18.788,0.0,18.788,18.788,20.158,0.0,20.158,20.158,-383.409,0
14.909,0.0,14.909,14.909,16.255,0.0,16.255,16.255,-410.426,0
26.701,0.0,26.701,26.701,24.824,0.0,24.824,24.824,169.304,0
18.989,0.0,18.989,18.989,19.506,0.0,19.506,19.506,-225.536,0
25.313,0.0,25.313,25.313,25.367,0.0,25.367,25.367,0.0,0
13.779,0.0,13.779,13.779,14.388,0.0,14.388,14.388,-133.148,0
22.537,0.0,22.537,22.537,23.66,0.0,23.66,23.66,55.8,0
26.742,0.0,26.742,26.742,28.01,0.0,28.01,28.01,-120.684,0
21.006,0.0,21.006,21.006,22.002,0.0,22.002,22.002,-120.804,0
18.959,0.0,18.959,18.959,18.372,0.0,18.372,18.372,-56.913,0
16.708,0.0,16.708,16.708,16.963,0.0,16.963,16.963,64.954,0
13.887,0.0,13.887,13.887,14.987,0.0,14.987,14.987,-25.234,0
24.73,0.0,24.73,24.73,24.017,0.0,24.017,24.017,-519.672,0
22.066,0.0,22.066,22.066,23.465,0.0,23.465,23.465,-233.176,0
13.387,0.0,13.387,13.387,11.613,0.0,11.613,11.613,245.837,0
3.808,0.0,3.808,3.808,5.544,0.0,5.544,5.544,-28.624,0
25.795,0.0,25.795,25.795,24.158,0.0,24.158,24.158,179.451,0
19.847,0.0,19.847,19.847,20.065,0.0,20.065,20.065,-173.173,0
25.17,0.0,25.17,25.17,27.676,0.0,27.676,27.676,-236.807,0
17.521,0.0,17.521,17.521,17.423,0.0,17.423,17.423,256.471,0
23.122,0.0,23.122,23.122,24.263,0.0,24.263,24.263,-55.617,0
29.198,0.0,29.198,29.198,27.872,0.0,27.872,27.872,162.228,0
9.364,0.0,9.364,9.364,10.072,0.0,10.072,10.072,414.402,0
19.844,0.0,19.844,19.844,20.92,0.0,20.92,20.92,24.44,0
5.491,0.0,5.491,5.491,5.191,0.0,5.191,5.191,86.646,0
26.405,0.0,26.405,26.405,25.94,0.0,25.94,25.94,60.43,0
12.712,0.0,12.712,12.712,12.12,0.0,12.12,12.12,153.838,0
11.968,0.0,11.968,11.968,14.613,0.0,14.613,14.613,215.933,0
15.305,0.0,15.305,15.305,14.833,0.0,14.833,14.833,103.945,0
19.163,0.0,19.163,19.163,21.191,0.0,21.191,21.191,354.16,0
20.349,0.0,20.349,20.349,21.762,0.0,21.762,21.762,-98.674,0
25.992,0.0,25.992,25.992,27.908,0.0,27.908,27.908,113.252,0
17.057,0.0,17.057,17.057,19.608,0.0,19.608,19.608,-58.37,0
29.368,0.0,29.368,29.368,27.35,0.0,27.35,27.35,-141.777,0
25.293,0.0,25.293,25.293,26.231,0.0,26.231,26.231,0.0,0
15.016,0.0,15.016,15.016,13.206,0.0,13.206,13.206,-56.501,0
22.789,0.0,22.789,22.789,24.803,0.0,24.803,24.803,-157.941,0
19.768,0.0,19.768,19.768,21.013,0.0,21.013,21.013,-42.175,0
22.231,0.0,22.231,22.231,24.598,0.0,24.598,24.598,170.668,0
10.592,0.0,10.592,10.592,9.973,0.0,9.973,9.973,447.092,0
17.39,0.0,17.39,17.39,16.655,0.0,16.655,16.655,-214.723,0
8.974,0.0,8.974,8.974,10.498,0.0,10.498,10.498,-93.957,0
23.087,0.0,23.087,23.087,22.139,0.0,22.139,22.139,-72.215,0
16.388,0.0,16.388,16.388,17.061,0.0,17.061,17.061,83.442,0
14.847,0.0,14.847,14.847,15.831,0.0,15.831,15.831,31.906,0
21.094,0.0,21.094,21.094,20.497,0.0,20.497,20.497,-0.0,0
18.46,0.0,18.46,18.46,18.573,0.0,18.573,18.573,-195.738,0
11.669,0.0,11.669,11.669,11.354,0.0,11.354,11.354,-543.895,0
20.606,0.0,20.606,20.606,21.037,0.0,21.037,21.037,32.403,0
18.482,0.0,18.482,18.482,17.65,0.0,17.65,17.65,180.521,0
28.13,0.0,28.13,28.13,29.496,0.0,29.496,29.496,432.942,0
28.311,0.0,28.311,28.311,28.028,0.0,28.028,28.028,15.771,0
26.049,0.0,26.049,26.049,25.339,0.0,25.339,25.339,-11.605,0
11.767,0.0,11.767,11.767,11.637,0.0,11.637,11.637,-216.811,0
12.56,0.0,12.56,12.56,11.737,0.0,11.737,11.737,-13.319,0
15.119,0.0,15.119,15.119,14.196,0.0,14.196,14.196,234.961,0
19.588,0.0,19.588,19.588,18.221,0.0,18.221,18.221,-152.044,0
22.765,0.0,22.765,22.765,23.706,0.0,23.706,23.706,-111.928,0
17.931,0.0,17.931,17.931,18.174,0.0,18.174,18.174,121.741,0
12.377,0.0,12.377,12.377,13.241,0.0,13.241,13.241,36.54,0
11.568,0.0,11.568,11.568,11.933,0.0,11.933,11.933,-77.953,0
24.481,0.0,24.481,24.481,26.715,0.0,26.715,26.715,277.044,0
27.985,0.0,27.985,27.985,27.279,0.0,27.279,27.279,-48.434,0
13.886,0.0,13.886,13.886,14.784,0.0,14.784,14.784,66.789,0
10.157,0.0,10.157,10.157,10.027,0.0,10.027,10.027,-66.518,0
24.368,0.0,24.368,24.368,22.724,0.0,22.724,22.724,-241.348,0
19.087,0.0,19.087,19.087,19.697,0.0,19.697,19.697,157.734,0
29.279,0.0,29.279,29.279,28.095,0.0,28.095,28.095,171.679,0
9.368,0.0,9.368,9.368,7.268,0.0,7.268,7.268,67.587,0
21.026,0.0,21.026,21.026,19.951,0.0,19.951,19.951,144.113,0
13.474,0.0,13.474,13.474,14.455,0.0,14.455,14.455,-199.888,0
12.849,0.0,12.849,12.849,12.957,0.0,12.957,12.957,18.491,0
24.863,0.0,24.863,24.863,25.84,0.0,25.84,25.84,-201.71,0
15.19,0.0,15.19,15.19,16.491,0.0,16.491,16.491,-80.937,0
24.524,0.0,24.524,24.524,24.898,0.0,24.898,24.898,-46.831,0
11.494,0.0,11.494,11.494,10.07,0.0,10.07,10.07,0.0,0
26.377,0.0,26.377,26.377,25.125,0.0,25.125,25.125,-146.74,0
6.334,0.0,6.334,6.334,6.517,0.0,6.517,6.517,293.65,0
16.49,0.0,16.49,16.49,15.291,0.0,15.291,15.291,6.777,0
11.981,0.0,11.981,11.981,13.096,0.0,13.096,13.096,-178.027,0
11.397,0.0,11.397,11.397,10.304,0.0,10.304,10.304,-126.889,0
19.293,0.0,19.293,19.293,21.379,0.0,21.379,21.379,-535.97,0
18.423,0.0,18.423,18.423,17.257,0.0,17.257,17.257,4.325,0
26.337,0.0,26.337,26.337,27.3,0.0,27.3,27.3,112.816,0
